{"cameraMode":{"drawMode":0,"name":"Shaded","section":"Shading Mode"},"sceneLighting":true,"audioPlay":false,"sceneViewState":{"m_AlwaysRefresh":false,"showFog":true,"showSkybox":false,"showFlares":true,"showImageEffects":true,"showParticleSystems":true,"showVisualEffectGraphs":true,"m_FxEnabled":true},"in2DMode":false,"pivot":{"x":0.06823396682739258,"y":-0.9537158012390137,"z":4.361244201660156},"rotation":{"x":-0.04580356553196907,"y":0.9468960762023926,"z":-0.1565132439136505,"w":-0.2771078944206238},"size":12.270391464233399,"orthographic":false}